<?xml version="1.0" encoding="UTF-8"?>
<project-private xmlns="http://www.netbeans.org/ns/project-private/1">
    <editor-bookmarks xmlns="http://www.netbeans.org/ns/editor-bookmarks/2" lastBookmarkId="0"/>
    <open-files xmlns="http://www.netbeans.org/ns/projectui-open-files/2">
        <group>
            <file>file:/D:/Juan_Hijo/DAM_1/Acceso_Datos/AD_Practica_2/AD_Practica_2/src/ad_practica_DOM/AD_Practica2_DOM.java</file>
            <file>file:/D:/Juan_Hijo/DAM_1/Acceso_Datos/AD_Practica_2/AD_Practica_2/src/ad_practica_SAX/AD_Practica2_SAX.java</file>
            <file>file:/D:/Juan_Hijo/DAM_1/Acceso_Datos/AD_Practica_2/AD_Practica_2/src/ad_practica_SAX/AD_Practica_Manejador_SAX.java</file>
        </group>
    </open-files>
</project-private>
