<?xml version="1.0" encoding="UTF-8"?>
<project-private xmlns="http://www.netbeans.org/ns/project-private/1">
    <editor-bookmarks xmlns="http://www.netbeans.org/ns/editor-bookmarks/2" lastBookmarkId="0"/>
    <open-files xmlns="http://www.netbeans.org/ns/projectui-open-files/2">
        <group>
            <file>file:/D:/Juan_Hijo/DAM_1/Desarollo_Interfaces/Practica_1/Practica_2/src/practica_1/PantallaSecundaria.java</file>
            <file>file:/D:/Juan_Hijo/DAM_1/Desarollo_Interfaces/Practica_1/Practica_2/src/practica_1/PantallaPrincipal.java</file>
        </group>
    </open-files>
</project-private>
